id,aspectCategory,polarity
1571,price,negative
1571,price,negative
3161,food,positive
3195,anecdotes/miscellaneous,positive
2227,food,neutral
1210,anecdotes/miscellaneous,negative
2191,anecdotes/miscellaneous,positive
2191,anecdotes/miscellaneous,negative
391,anecdotes/miscellaneous,neutral
673,food,positive
1623,food,positive
2960,price,positive
1383,service,negative
2936,ambience,negative
3423,food,positive
856,food,positive
1798,anecdotes/miscellaneous,negative
2921,food,negative
3130,food,negative
709,price,positive
709,price,positive
1198,food,conflict
1110,service,positive
231,anecdotes/miscellaneous,neutral
1166,anecdotes/miscellaneous,positive
3686,anecdotes/miscellaneous,negative
3686,anecdotes/miscellaneous,positive
2139,anecdotes/miscellaneous,positive
1881,anecdotes/miscellaneous,positive
1408,ambience,negative
141,anecdotes/miscellaneous,positive
2098,service,neutral
701,anecdotes/miscellaneous,positive
1976,anecdotes/miscellaneous,positive
1278,food,positive
624,anecdotes/miscellaneous,positive
34,anecdotes/miscellaneous,negative
1674,anecdotes/miscellaneous,negative
332,anecdotes/miscellaneous,neutral
247,anecdotes/miscellaneous,neutral
247,anecdotes/miscellaneous,positive
3477,ambience,positive
3477,ambience,positive
1280,ambience,conflict
1891,food,positive
3451,price,positive
3451,price,positive
1551,ambience,positive
1551,ambience,negative
2140,service,positive
224,food,positive
224,food,positive
2486,ambience,negative
2615,anecdotes/miscellaneous,positive
55,anecdotes/miscellaneous,neutral
168,anecdotes/miscellaneous,neutral
344,ambience,negative
2299,anecdotes/miscellaneous,neutral
1672,food,positive
2840,service,negative
2397,anecdotes/miscellaneous,neutral
491,food,positive
229,ambience,positive
3542,anecdotes/miscellaneous,negative
2179,anecdotes/miscellaneous,neutral
3039,anecdotes/miscellaneous,negative
2806,anecdotes/miscellaneous,positive
3049,food,negative
461,service,positive
3208,anecdotes/miscellaneous,positive
3582,food,negative
2152,food,positive
191,service,negative
119,anecdotes/miscellaneous,positive
2517,food,positive
2517,food,positive
3641,anecdotes/miscellaneous,positive
667,price,neutral
1490,food,positive
1548,anecdotes/miscellaneous,negative
874,price,positive
874,price,positive
972,service,positive
217,anecdotes/miscellaneous,positive
3280,price,positive
3563,anecdotes/miscellaneous,neutral
3144,ambience,negative
3144,ambience,negative
2202,anecdotes/miscellaneous,positive
1868,food,positive
1955,ambience,conflict
3368,anecdotes/miscellaneous,positive
1690,anecdotes/miscellaneous,negative
257,food,neutral
1656,food,positive
284,price,negative
2186,anecdotes/miscellaneous,positive
3411,food,positive
3221,anecdotes/miscellaneous,positive
3372,anecdotes/miscellaneous,positive
2386,food,neutral
680,ambience,neutral
92,anecdotes/miscellaneous,positive
370,anecdotes/miscellaneous,neutral
81,anecdotes/miscellaneous,positive
1866,price,positive
280,food,positive
280,food,positive
610,food,positive
610,food,positive
1855,anecdotes/miscellaneous,positive
916,food,positive
2194,food,negative
340,food,negative
2757,anecdotes/miscellaneous,negative
301,ambience,conflict
1560,anecdotes/miscellaneous,positive
2466,anecdotes/miscellaneous,neutral
3263,food,positive
2019,food,conflict
3261,food,positive
2425,price,negative
1378,service,positive
2473,anecdotes/miscellaneous,positive
1118,anecdotes/miscellaneous,positive
662,food,positive
1987,ambience,negative
1987,ambience,conflict
1987,ambience,conflict
1287,anecdotes/miscellaneous,positive
285,food,negative
285,food,positive
674,anecdotes/miscellaneous,positive
487,food,positive
1981,ambience,negative
1991,food,positive
1991,food,positive
129,anecdotes/miscellaneous,neutral
475,anecdotes/miscellaneous,positive
1869,anecdotes/miscellaneous,positive
82,ambience,positive
82,ambience,positive
3237,anecdotes/miscellaneous,neutral
469,anecdotes/miscellaneous,neutral
1089,price,negative
1089,price,negative
3639,food,positive
131,ambience,positive
1568,anecdotes/miscellaneous,positive
3084,food,positive
3274,anecdotes/miscellaneous,negative
3665,ambience,positive
780,price,positive
3223,anecdotes/miscellaneous,positive
612,food,positive
1660,food,neutral
1575,ambience,positive
377,ambience,positive
377,ambience,neutral
3342,anecdotes/miscellaneous,negative
3459,anecdotes/miscellaneous,positive
845,ambience,positive
2293,anecdotes/miscellaneous,positive
205,service,conflict
367,anecdotes/miscellaneous,neutral
2850,ambience,positive
2850,ambience,positive
2850,ambience,positive
163,service,negative
472,service,negative
472,service,negative
849,anecdotes/miscellaneous,neutral
3649,anecdotes/miscellaneous,negative
2818,food,positive
2818,food,positive
1304,service,neutral
1304,service,neutral
1304,service,negative
889,anecdotes/miscellaneous,negative
1099,anecdotes/miscellaneous,neutral
2863,anecdotes/miscellaneous,negative
62,service,positive
2412,price,positive
2412,price,positive
837,ambience,negative
2094,price,positive
2094,price,negative
2361,anecdotes/miscellaneous,neutral
306,food,positive
200,anecdotes/miscellaneous,neutral
1355,service,negative
2443,ambience,positive
2443,ambience,positive
2443,ambience,positive
2587,anecdotes/miscellaneous,neutral
2797,food,positive
158,anecdotes/miscellaneous,neutral
256,food,negative
2698,service,positive
553,service,positive
1522,anecdotes/miscellaneous,positive
2148,anecdotes/miscellaneous,positive
3380,price,positive
3380,price,positive
2651,anecdotes/miscellaneous,negative
1058,anecdotes/miscellaneous,positive
2895,anecdotes/miscellaneous,positive
2895,anecdotes/miscellaneous,positive
2895,anecdotes/miscellaneous,positive
1432,anecdotes/miscellaneous,positive
2388,anecdotes/miscellaneous,conflict
609,ambience,positive
661,anecdotes/miscellaneous,conflict
552,food,positive
3023,anecdotes/miscellaneous,neutral
1559,food,conflict
1852,food,conflict
3053,ambience,neutral
335,service,positive
2416,anecdotes/miscellaneous,neutral
3571,food,neutral
3571,food,negative
8,service,negative
781,anecdotes/miscellaneous,positive
549,anecdotes/miscellaneous,neutral
3645,anecdotes/miscellaneous,positive
2364,service,positive
2364,service,positive
379,price,positive
3035,price,positive
3035,price,positive
1730,food,positive
2973,food,positive
2973,food,positive
1096,ambience,positive
2859,service,negative
2958,ambience,conflict
2832,food,positive
2832,food,positive
2886,anecdotes/miscellaneous,positive
2886,anecdotes/miscellaneous,positive
1545,anecdotes/miscellaneous,neutral
2076,price,positive
2076,price,conflict
1666,anecdotes/miscellaneous,conflict
1666,anecdotes/miscellaneous,negative
2669,anecdotes/miscellaneous,negative
733,price,positive
2737,ambience,positive
2737,ambience,positive
2737,ambience,positive
467,anecdotes/miscellaneous,positive
467,anecdotes/miscellaneous,positive
1206,ambience,positive
1206,ambience,negative
642,anecdotes/miscellaneous,positive
429,food,positive
1226,food,negative
1182,price,positive
1182,price,positive
415,anecdotes/miscellaneous,negative
1510,price,positive
2419,food,positive
97,food,positive
501,anecdotes/miscellaneous,positive
1157,anecdotes/miscellaneous,positive
1468,anecdotes/miscellaneous,positive
1268,food,negative
956,food,positive
689,anecdotes/miscellaneous,positive
1596,anecdotes/miscellaneous,positive
1232,food,positive
2529,anecdotes/miscellaneous,negative
635,anecdotes/miscellaneous,positive
957,food,positive
1031,ambience,positive
1031,ambience,negative
1031,ambience,positive
2567,price,positive
2567,price,positive
305,food,positive
840,food,positive
1788,price,conflict
1651,price,negative
1651,price,negative
2909,anecdotes/miscellaneous,negative
2992,anecdotes/miscellaneous,negative
3438,ambience,positive
3438,ambience,positive
860,anecdotes/miscellaneous,positive
3439,price,negative
1394,ambience,positive
2159,food,positive
1970,food,positive
3510,service,negative
3510,service,negative
1320,anecdotes/miscellaneous,negative
1974,price,negative
941,service,positive
2461,anecdotes/miscellaneous,positive
87,anecdotes/miscellaneous,neutral
2153,service,positive
1517,anecdotes/miscellaneous,positive
2156,price,positive
414,service,positive
414,service,negative
2844,anecdotes/miscellaneous,positive
2844,anecdotes/miscellaneous,negative
2957,price,positive
2957,price,positive
2957,price,positive
3633,service,positive
331,anecdotes/miscellaneous,neutral
2007,food,positive
3679,anecdotes/miscellaneous,positive
