case_key,task,bucket,id,text,aspect,gold_aspects,gold_polarity,reference_prediction,configuration_predictions,error_persistence,configuration_count,fold,supporting_text,assessment,rationale,proposed_label,needs_user_adjudication,previous_assessment,review_revision,review_status
aspect:3,aspect,aspect_multi_misc,3,"The staff isn't the friendliest or most competent, and I am stickler for service, but everything else about this place makes up for it.",,"[""service"", ""anecdotes/miscellaneous""]",,"[""service""]","{""reference"": [""service""], ""sampling-control"": [""service""], ""targeted-2x"": [""service""], ""targeted-3x"": [""service""], ""targeted-4x"": [""service""]}",5,5,1,everything else about this place makes up for it,clear model error,The sentence explicitly adds a restaurant-level judgment beyond service.,,False,clear model error,2,provisional assistant judgment
aspect:39,aspect,aspect_multi_misc,39,When we were finally seated our waitress came by twice-1 for our order and 2-for our check.,,"[""service"", ""anecdotes/miscellaneous""]",,"[""service""]","{""reference"": [""service""], ""sampling-control"": [""service""], ""targeted-2x"": [""service""], ""targeted-3x"": [""service""], ""targeted-4x"": [""service""]}",5,5,3,waitress came by twice,ambiguous annotation,Service is explicit. Whether the personal account also receives anecdotes/miscellaneous depends on the annotation convention; absence of an overall judgment alone cannot invalidate that label.,,True,suspected annotation error,2,provisional assistant judgment
aspect:246,aspect,aspect_multi_misc,246,Yeah Shanghai is also great but not quite as good -- they use the same amount of salt but without sweetness to balance out.,,"[""food"", ""anecdotes/miscellaneous""]",,"[""food""]","{""reference"": [""food""], ""sampling-control"": [""food""], ""targeted-2x"": [""food""], ""targeted-3x"": [""food""], ""targeted-4x"": [""food""]}",5,5,1,great but not quite as good,ambiguous annotation,The comparison can be read as food-specific or as a broader comparison between restaurants.,,True,ambiguous annotation,2,provisional assistant judgment
aspect:259,aspect,aspect_multi_misc,259,This is my first time writing a review for a restaurant because the food and service was excellent.,,"[""food"", ""service"", ""anecdotes/miscellaneous""]",,"[""food"", ""service""]","{""reference"": [""food"", ""service""], ""sampling-control"": [""food"", ""service""], ""targeted-2x"": [""food"", ""service""], ""targeted-3x"": [""food"", ""service""], ""targeted-4x"": [""food"", ""service""]}",5,5,5,food and service was excellent,ambiguous annotation,"Food and service are evaluated, but the first-time-review statement may qualify as an anecdote. A separate overall opinion is not an established requirement for this category.",,True,suspected annotation error,2,provisional assistant judgment
aspect:510,aspect,aspect_multi_misc,510,"Overall I was impressed and will return, it's a great QPR (Quality to Price Ratio).",,"[""price"", ""anecdotes/miscellaneous""]",,"[""food"", ""price""]","{""reference"": [""food"", ""price""], ""sampling-control"": [""price""], ""targeted-2x"": [""food"", ""price""], ""targeted-3x"": [""food"", ""price""], ""targeted-4x"": [""price""]}",5,5,3,Overall I was impressed and will return,clear model error,"The overall recommendation clearly supports miscellaneous, and no food evidence appears.",,False,clear model error,2,provisional assistant judgment
aspect:512,aspect,aspect_multi_misc,512,"Took my mom for Mother's Day, and the maitre d' was pretty rude.",,"[""service"", ""anecdotes/miscellaneous""]",,"[""service""]","{""reference"": [""service""], ""sampling-control"": [""service""], ""targeted-2x"": [""service""], ""targeted-3x"": [""service""], ""targeted-4x"": [""service""]}",5,5,2,maitre d' was pretty rude,ambiguous annotation,Service is explicit and the Mother's Day visit is an anecdote; the category's scope is needed before removing miscellaneous.,,True,suspected annotation error,2,provisional assistant judgment
aspect:541,aspect,aspect_multi_misc,541,"I plan to come here again and look forward to trying their assortment of bruschetta, panini's.....",,"[""food"", ""anecdotes/miscellaneous""]",,"[""food""]","{""reference"": [""food""], ""sampling-control"": [""food""], ""targeted-2x"": [""food""], ""targeted-3x"": [""food""], ""targeted-4x"": [""food""]}",5,5,2,plan to come here again and look forward,clear model error,The return intention is explicit restaurant-level evidence in addition to the named foods.,,False,clear model error,2,provisional assistant judgment
aspect:703,aspect,aspect_multi_misc,703,"The svc can be a bit rude at times, esp if you have big group, but overall the restaurant is a must!",,"[""service"", ""anecdotes/miscellaneous""]",,"[""service"", ""ambience""]","{""reference"": [""service"", ""ambience""], ""sampling-control"": [""service"", ""ambience""], ""targeted-2x"": [""service"", ""ambience""], ""targeted-3x"": [""service"", ""ambience""], ""targeted-4x"": [""service""]}",5,5,2,overall the restaurant is a must,clear model error,The overall recommendation explicitly supports miscellaneous; ambience has no textual support.,,False,clear model error,2,provisional assistant judgment
aspect:834,aspect,aspect_multi_misc,834,A bit breezy up there on the mezzanine from the wind coming from the tracks.,,"[""ambience"", ""anecdotes/miscellaneous""]",,"[""ambience""]","{""reference"": [""ambience""], ""sampling-control"": [""ambience""], ""targeted-2x"": [""ambience""], ""targeted-3x"": [""ambience""], ""targeted-4x"": [""ambience""]}",5,5,2,breezy up there on the mezzanine,ambiguous annotation,Ambience is explicit. Whether the situational description also counts as miscellaneous cannot be settled without category guidance.,,True,suspected annotation error,2,provisional assistant judgment
aspect:1071,aspect,aspect_multi_misc,1071,A little pricey but it really hits the spot on a Sunday morning!,,"[""price"", ""anecdotes/miscellaneous""]",,"[""price""]","{""reference"": [""price""], ""sampling-control"": [""price""], ""targeted-2x"": [""price""], ""targeted-3x"": [""price""], ""targeted-4x"": [""price""]}",5,5,5,really hits the spot,ambiguous annotation,Hits the spot may evaluate food satisfaction or the restaurant overall; the target of it is unresolved.,,True,clear model error,2,provisional assistant judgment
aspect:1215,aspect,aspect_multi_misc,1215,"Great bagels, spreads and a good place to hang out in.",,"[""food"", ""anecdotes/miscellaneous""]",,"[""food"", ""ambience""]","{""reference"": [""food"", ""ambience""], ""sampling-control"": [""food"", ""ambience""], ""targeted-2x"": [""food""], ""targeted-3x"": [""food"", ""ambience""], ""targeted-4x"": [""food"", ""ambience""]}",5,5,3,good place to hang out,ambiguous annotation,"The phrase can denote ambience or a broad judgment, so both gold and prediction are defensible.",,True,ambiguous annotation,2,provisional assistant judgment
aspect:1346,aspect,aspect_multi_misc,1346,"Overall, the ingredients and technique are there and I am encouraged enough to return at lunch or dinner to see whether the boldness of the flavour palette improves.",,"[""food"", ""anecdotes/miscellaneous""]",,"[""food""]","{""reference"": [""food""], ""sampling-control"": [""food""], ""targeted-2x"": [""food""], ""targeted-3x"": [""food""], ""targeted-4x"": [""food""]}",5,5,3,Overall ... encouraged enough to return,clear model error,Overall scope and return intent explicitly support miscellaneous alongside food.,,False,clear model error,2,provisional assistant judgment
aspect:1457,aspect,aspect_multi_misc,1457,"My wife and I will usually only order one primi and one secondi and split them, as they tend to offer large portions.",,"[""food"", ""anecdotes/miscellaneous""]",,"[""food""]","{""reference"": [""food""], ""sampling-control"": [""food""], ""targeted-2x"": [""food""], ""targeted-3x"": [""food""], ""targeted-4x"": [""food""]}",5,5,3,large portions,ambiguous annotation,"Portions concern food, while habitual ordering is a personal anecdote. The earlier rationale incorrectly required a broader judgment for miscellaneous.",,True,suspected annotation error,2,provisional assistant judgment
aspect:1459,aspect,aspect_multi_misc,1459,"The eggplant parmesan is also great, and my friend who grew up in Manhattan claims that no one serves a better baked ziti with meatsauce.",,"[""food"", ""anecdotes/miscellaneous""]",,"[""food""]","{""reference"": [""food""], ""sampling-control"": [""food""], ""targeted-2x"": [""food""], ""targeted-3x"": [""food""], ""targeted-4x"": [""food""]}",5,5,5,eggplant parmesan ... baked ziti,ambiguous annotation,"The dishes are evaluated, but the friend's personal history may explain the anecdotes label. Food-only is not an established correction.",,True,suspected annotation error,2,provisional assistant judgment
aspect:1546,aspect,aspect_multi_misc,1546,"Maybe I say so because it looked promising for people who like artery-clogging jewish deli food, but turns out to be poorly run and awful.",,"[""food"", ""service"", ""anecdotes/miscellaneous""]",,"[""food""]","{""reference"": [""food""], ""sampling-control"": [""food""], ""targeted-2x"": [""food""], ""targeted-3x"": [""food""], ""targeted-4x"": [""food""]}",5,5,2,poorly run and awful,clear model error,Poorly run supports service and awful supplies a broad negative judgment beyond the food reference.,,False,clear model error,2,provisional assistant judgment
aspect:1659,aspect,aspect_multi_misc,1659,I have never before eaten 40 pieces of relatively good nigiri.,,"[""food"", ""anecdotes/miscellaneous""]",,"[""food""]","{""reference"": [""food""], ""sampling-control"": [""food""], ""targeted-2x"": [""food""], ""targeted-3x"": [""food""], ""targeted-4x"": [""food""]}",5,5,2,40 pieces of relatively good nigiri,ambiguous annotation,Food is evaluated and a novel personal experience is narrated. Whether both categories apply needs annotation guidance.,,True,suspected annotation error,2,provisional assistant judgment
aspect:1954,aspect,aspect_multi_misc,1954,I do suggest to ask to be seated upstairs if you are looking to be a little cozy.,,"[""ambience"", ""anecdotes/miscellaneous""]",,"[""ambience""]","{""reference"": [""ambience""], ""sampling-control"": [""ambience""], ""targeted-2x"": [""ambience""], ""targeted-3x"": [""ambience""], ""targeted-4x"": [""ambience""]}",5,5,3,seated upstairs ... cozy,ambiguous annotation,"This is clearly ambience, while the recommendation may or may not count as a separate overall aspect.",,True,ambiguous annotation,2,provisional assistant judgment
aspect:2018,aspect,aspect_multi_misc,2018,I was pretty much full after our fondue appetizer.,,"[""food"", ""anecdotes/miscellaneous""]",,"[""food""]","{""reference"": [""food""], ""sampling-control"": [""food""], ""targeted-2x"": [""food""], ""targeted-3x"": [""food""], ""targeted-4x"": [""food""]}",5,5,4,full after our fondue appetizer,ambiguous annotation,Satiety concerns food and personal experience; lack of a separate overall judgment does not establish a wrong miscellaneous label.,,True,suspected annotation error,2,provisional assistant judgment
aspect:2028,aspect,aspect_multi_misc,2028,"My friends and I experienced amazing cheese and a delicious, new summer menu at Artisanal last night.",,"[""food"", ""anecdotes/miscellaneous""]",,"[""food""]","{""reference"": [""food""], ""sampling-control"": [""food""], ""targeted-2x"": [""food""], ""targeted-3x"": [""food""], ""targeted-4x"": [""food""]}",5,5,4,amazing cheese and a delicious ... menu,ambiguous annotation,Food praise is embedded in an account of a visit with friends. The boundary of anecdotes/miscellaneous is unresolved.,,True,suspected annotation error,2,provisional assistant judgment
aspect:2080,aspect,aspect_multi_misc,2080,We even had a visit from the Manager who wanted to make sure we were enjoying ourselves.,,"[""service"", ""anecdotes/miscellaneous""]",,"[""service""]","{""reference"": [""service""], ""sampling-control"": [""service""], ""targeted-2x"": [""service""], ""targeted-3x"": [""service""], ""targeted-4x"": [""service""]}",5,5,3,visit from the Manager ... make sure,ambiguous annotation,Manager attentiveness supports service; the narrated encounter might additionally qualify as an anecdote.,,True,suspected annotation error,2,provisional assistant judgment
aspect:7,aspect,aspect_single_misc,7,"I like Cafe Noir dont get me wrong, it is jsut that the people who work there are evil and incompetent!!",,"[""service""]",,"[""service"", ""anecdotes/miscellaneous""]","{""reference"": [""service"", ""anecdotes/miscellaneous""], ""sampling-control"": [""service"", ""anecdotes/miscellaneous""], ""targeted-2x"": [""service"", ""anecdotes/miscellaneous""], ""targeted-3x"": [""service"", ""anecdotes/miscellaneous""], ""targeted-4x"": [""service"", ""anecdotes/miscellaneous""]}",5,5,5,people who work there are evil and incompetent,ambiguous annotation,"Service is explicit, while the opening general approval makes an added miscellaneous reading plausible.",,True,ambiguous annotation,2,provisional assistant judgment
aspect:35,aspect,aspect_single_misc,35,So rude.,,"[""anecdotes/miscellaneous""]",,"[""service""]","{""reference"": [""service""], ""sampling-control"": [""service""], ""targeted-2x"": [""service""], ""targeted-3x"": [""service"", ""anecdotes/miscellaneous""], ""targeted-4x"": [""service""]}",5,5,5,So rude,ambiguous annotation,"Without context, rudeness could refer to service or a general experience.",,True,ambiguous annotation,2,provisional assistant judgment
aspect:101,aspect,aspect_single_misc,101,i love the pics of andy warhol when he used to frequent the place (he painted the ballato's sign in the window).,,"[""ambience""]",,"[""anecdotes/miscellaneous""]","{""reference"": [""anecdotes/miscellaneous""], ""sampling-control"": [""ambience"", ""anecdotes/miscellaneous""], ""targeted-2x"": [""ambience"", ""anecdotes/miscellaneous""], ""targeted-3x"": [""ambience"", ""anecdotes/miscellaneous""], ""targeted-4x"": [""anecdotes/miscellaneous""]}",5,5,1,pics of Andy Warhol ... sign in the window,clear model error,The visual decor and displayed sign directly describe ambience.,,False,clear model error,2,provisional assistant judgment
aspect:202,aspect,aspect_single_misc,202,"So, if yo really don't care who is sittingnext to you, which is about 2 inches away, I would say try it.",,"[""ambience""]",,"[""anecdotes/miscellaneous""]","{""reference"": [""anecdotes/miscellaneous""], ""sampling-control"": [""anecdotes/miscellaneous""], ""targeted-2x"": [""ambience"", ""anecdotes/miscellaneous""], ""targeted-3x"": [""anecdotes/miscellaneous""], ""targeted-4x"": [""ambience"", ""anecdotes/miscellaneous""]}",5,5,5,sitting next to you ... 2 inches away,clear model error,Seating density is direct ambience evidence.,,False,clear model error,2,provisional assistant judgment
aspect:240,aspect,aspect_single_misc,240,Authentic Shanghai style and I cannot recommend a better Shanghai place in New York.,,"[""ambience""]",,"[""food"", ""anecdotes/miscellaneous""]","{""reference"": [""food"", ""anecdotes/miscellaneous""], ""sampling-control"": [""food"", ""anecdotes/miscellaneous""], ""targeted-2x"": [""ambience"", ""anecdotes/miscellaneous""], ""targeted-3x"": [""food"", ""anecdotes/miscellaneous""], ""targeted-4x"": [""food""]}",5,5,2,Authentic Shanghai style ... better Shanghai place,suspected annotation error,The sentence gives a broad restaurant recommendation and no clear ambience feature.,anecdotes/miscellaneous,True,suspected annotation error,2,provisional assistant judgment
aspect:324,aspect,aspect_single_misc,324,"Whem asked, we had to ask more detailed questions so that we knew what the specials were.",,"[""service""]",,"[""food"", ""anecdotes/miscellaneous""]","{""reference"": [""food"", ""anecdotes/miscellaneous""], ""sampling-control"": [""anecdotes/miscellaneous""], ""targeted-2x"": [""food""], ""targeted-3x"": [""anecdotes/miscellaneous""], ""targeted-4x"": [""service"", ""anecdotes/miscellaneous""]}",5,5,2,had to ask more detailed questions ... specials,clear model error,Failure to explain specials is a direct service issue.,,False,clear model error,2,provisional assistant judgment
aspect:337,aspect,aspect_single_misc,337,The worst excuse for Japanese food I've ever encountered.,,"[""anecdotes/miscellaneous""]",,"[""food""]","{""reference"": [""food""], ""sampling-control"": [""food""], ""targeted-2x"": [""food""], ""targeted-3x"": [""food""], ""targeted-4x"": [""food""]}",5,5,5,worst excuse for Japanese food,ambiguous annotation,The target can be the food itself or the restaurant's authenticity as a whole.,,True,ambiguous annotation,2,provisional assistant judgment
aspect:348,aspect,aspect_single_misc,348,Great sushi experience.,,"[""food""]",,"[""anecdotes/miscellaneous""]","{""reference"": [""anecdotes/miscellaneous""], ""sampling-control"": [""anecdotes/miscellaneous""], ""targeted-2x"": [""anecdotes/miscellaneous""], ""targeted-3x"": [""anecdotes/miscellaneous""], ""targeted-4x"": [""anecdotes/miscellaneous""]}",5,5,5,Great sushi,clear model error,Sushi is an explicit food target.,,False,clear model error,2,provisional assistant judgment
aspect:410,aspect,aspect_single_misc,410,We were fans of the half-price Saturday night option until some inedible squid during a recent visit.,,"[""food"", ""price""]",,"[""price"", ""anecdotes/miscellaneous""]","{""reference"": [""price"", ""anecdotes/miscellaneous""], ""sampling-control"": [""price""], ""targeted-2x"": [""food"", ""price"", ""anecdotes/miscellaneous""], ""targeted-3x"": [""food"", ""price"", ""anecdotes/miscellaneous""], ""targeted-4x"": [""price"", ""anecdotes/miscellaneous""]}",5,5,5,half-price ... inedible squid,clear model error,The model misses explicit food evidence and adds an unsupported miscellaneous label.,,False,clear model error,2,provisional assistant judgment
aspect:433,aspect,aspect_single_misc,433,VT is what baby pizzas hope to be when they grow up.,,"[""anecdotes/miscellaneous""]",,"[""food""]","{""reference"": [""food""], ""sampling-control"": [""food""], ""targeted-2x"": [""food""], ""targeted-3x"": [""food""], ""targeted-4x"": [""food""]}",5,5,4,pizzas,ambiguous annotation,"The metaphor evaluates pizza but frames a broad comparison, exposing a fuzzy food versus miscellaneous boundary.",,True,ambiguous annotation,2,provisional assistant judgment
aspect:439,aspect,aspect_single_misc,439,Some baby pizzas get their wish.,,"[""food""]",,"[""anecdotes/miscellaneous""]","{""reference"": [""anecdotes/miscellaneous""], ""sampling-control"": [""food"", ""anecdotes/miscellaneous""], ""targeted-2x"": [""anecdotes/miscellaneous""], ""targeted-3x"": [""anecdotes/miscellaneous""], ""targeted-4x"": [""anecdotes/miscellaneous""]}",5,5,5,baby pizzas get their wish,ambiguous annotation,This fragment depends on prior context and uses a metaphor rather than a direct food evaluation.,,True,ambiguous annotation,2,provisional assistant judgment
aspect:656,aspect,aspect_single_misc,656,Thius is a must for anyone who loves Shabu-Shabu.,,"[""food""]",,"[""anecdotes/miscellaneous""]","{""reference"": [""anecdotes/miscellaneous""], ""sampling-control"": [""anecdotes/miscellaneous""], ""targeted-2x"": [""food"", ""anecdotes/miscellaneous""], ""targeted-3x"": [""food"", ""anecdotes/miscellaneous""], ""targeted-4x"": [""food"", ""anecdotes/miscellaneous""]}",5,5,2,must for anyone who loves Shabu-Shabu,ambiguous annotation,"Shabu-Shabu supports food, while 'a must' is also a broad recommendation.",,True,ambiguous annotation,2,provisional assistant judgment
aspect:685,aspect,aspect_single_misc,685,"Not sure where the previous reviewer, lonk, dined, but Saul is in a great neighborhood and has great food!",,"[""food"", ""ambience""]",,"[""food"", ""ambience"", ""anecdotes/miscellaneous""]","{""reference"": [""food"", ""ambience"", ""anecdotes/miscellaneous""], ""sampling-control"": [""food"", ""anecdotes/miscellaneous""], ""targeted-2x"": [""food"", ""anecdotes/miscellaneous""], ""targeted-3x"": [""food"", ""ambience"", ""anecdotes/miscellaneous""], ""targeted-4x"": [""food"", ""anecdotes/miscellaneous""]}",5,5,4,great neighborhood and ... great food,ambiguous annotation,"Food and neighbourhood are explicit, but the opening remark about another reviewer may qualify as an anecdote. The extra miscellaneous label is not clearly unjustified.",,True,clear model error,2,provisional assistant judgment
aspect:688,aspect,aspect_single_misc,688,I think this would be a pretty good spot if it were not so overpriced and overrated.,,"[""price""]",,"[""price"", ""anecdotes/miscellaneous""]","{""reference"": [""price"", ""anecdotes/miscellaneous""], ""sampling-control"": [""price"", ""anecdotes/miscellaneous""], ""targeted-2x"": [""price"", ""anecdotes/miscellaneous""], ""targeted-3x"": [""price"", ""anecdotes/miscellaneous""], ""targeted-4x"": [""price"", ""anecdotes/miscellaneous""]}",5,5,2,pretty good spot ... overpriced and overrated,ambiguous annotation,"Price is explicit, but 'good spot' and 'overrated' can also express an overall judgment.",,True,ambiguous annotation,2,provisional assistant judgment
aspect:706,aspect,aspect_single_misc,706,"Just remember, the later you go, the longer you may have to wait.",,"[""anecdotes/miscellaneous""]",,"[""service""]","{""reference"": [""service""], ""sampling-control"": [""service""], ""targeted-2x"": [""service"", ""anecdotes/miscellaneous""], ""targeted-3x"": [""service""], ""targeted-4x"": [""service""]}",5,5,3,longer you may have to wait,ambiguous annotation,"Waiting suggests service, but this advice may be coded as anecdotal context. The previous proposed relabeling was too certain.",,True,suspected annotation error,2,provisional assistant judgment
aspect:61,aspect,aspect_other,61,"This is the perfect spot for meeting friends, having lunch, dinner, pre-theatre or after-theatre drinks!",,"[""ambience"", ""anecdotes/miscellaneous""]",,"[""anecdotes/miscellaneous""]","{""reference"": [""anecdotes/miscellaneous""], ""sampling-control"": [""anecdotes/miscellaneous""], ""targeted-2x"": [""anecdotes/miscellaneous""], ""targeted-3x"": [""anecdotes/miscellaneous""], ""targeted-4x"": [""anecdotes/miscellaneous""]}",5,5,5,perfect spot for meeting friends ... drinks,ambiguous annotation,A recommendation for social occasions can be an overall endorsement without evaluating the physical ambience separately.,,True,clear model error,2,provisional assistant judgment
aspect:136,aspect,aspect_other,136,The takeout is great too since they give high quality tupperware as well.,,"[""service""]",,"[""food""]","{""reference"": [""food""], ""sampling-control"": [""food""], ""targeted-2x"": [""food"", ""service""], ""targeted-3x"": [""food""], ""targeted-4x"": [""food""]}",5,5,5,takeout ... high quality tupperware,ambiguous annotation,"Takeout handling suggests service, while packaging quality can be treated as part of the food offering.",,True,ambiguous annotation,2,provisional assistant judgment
aspect:181,aspect,aspect_other,181,"The food here is rather good, but only if you like to wait for it.",,"[""food"", ""service""]",,"[""food""]","{""reference"": [""food""], ""sampling-control"": [""food""], ""targeted-2x"": [""food""], ""targeted-3x"": [""food""], ""targeted-4x"": [""food""]}",5,5,2,like to wait for it,clear model error,The waiting complaint explicitly supplies service evidence alongside food.,,False,clear model error,2,provisional assistant judgment
aspect:211,aspect,aspect_other,211,Service and food is what any one would expect when spending that type of money.,,"[""food"", ""service""]",,"[""food"", ""price"", ""service""]","{""reference"": [""food"", ""price"", ""service""], ""sampling-control"": [""food"", ""price"", ""service""], ""targeted-2x"": [""food"", ""price"", ""service""], ""targeted-3x"": [""food"", ""price"", ""service""], ""targeted-4x"": [""food"", ""price"", ""service""]}",5,5,5,spending that type of money,ambiguous annotation,"Spending is a comparison standard for service and food quality, not necessarily an evaluation of price itself. The added price label is not clearly required.",,True,suspected annotation error,2,provisional assistant judgment
aspect:238,aspect,aspect_other,238,The food is so cheap and the waiters are nice.,,"[""price"", ""service""]",,"[""food"", ""price"", ""service""]","{""reference"": [""food"", ""price"", ""service""], ""sampling-control"": [""food"", ""price"", ""service""], ""targeted-2x"": [""food"", ""price"", ""service""], ""targeted-3x"": [""food"", ""price"", ""service""], ""targeted-4x"": [""food"", ""price"", ""service""]}",5,5,1,food is so cheap,clear model error,"Cheap evaluates price and nice evaluates the waiters. Food is the object being priced, with no separate food-quality evaluation; the reference adds food based on mention alone.",,False,suspected annotation error,2,provisional assistant judgment
aspect:267,aspect,aspect_other,267,The bar is very well stocked with interesting beers and well priced wines.,,"[""food""]",,"[""food"", ""price""]","{""reference"": [""food"", ""price""], ""sampling-control"": [""food"", ""price""], ""targeted-2x"": [""food"", ""price""], ""targeted-3x"": [""food"", ""price""], ""targeted-4x"": [""food"", ""price"", ""ambience""]}",5,5,3,well priced wines,suspected annotation error,Price is explicit and should plausibly accompany the food label.,food and price,True,suspected annotation error,2,provisional assistant judgment
aspect:296,aspect,aspect_other,296,"They did not have mayonnaise, forgot our toast, left out ingredients (ie cheese in an omelet), below hot temperatures and the bacon was so over cooked it crumbled on the plate when you touched it.",,"[""food""]",,"[""food"", ""service""]","{""reference"": [""food"", ""service""], ""sampling-control"": [""food"", ""service""], ""targeted-2x"": [""food"", ""service""], ""targeted-3x"": [""food"", ""service""], ""targeted-4x"": [""food"", ""service""]}",5,5,5,"forgot our toast, left out ingredients",ambiguous annotation,These failures can be attributed to food quality or service execution.,,True,ambiguous annotation,2,provisional assistant judgment
aspect:327,aspect,aspect_other,327,"Great idea and base for restaurant, but work on the details, people who think this was good need to go back to the shore towns and rethink what it should have tasted like.",,"[""anecdotes/miscellaneous""]",,"[""food"", ""anecdotes/miscellaneous""]","{""reference"": [""food"", ""anecdotes/miscellaneous""], ""sampling-control"": [""food"", ""anecdotes/miscellaneous""], ""targeted-2x"": [""food"", ""anecdotes/miscellaneous""], ""targeted-3x"": [""food""], ""targeted-4x"": [""food""]}",5,5,1,what it should have tasted like,ambiguous annotation,"Taste language may support food, but the rhetorical comparison and restaurant-level criticism make the category boundary uncertain.",,True,suspected annotation error,2,provisional assistant judgment
aspect:365,aspect,aspect_other,365,"(food was delivered by a busboy, not waiter) We got no cheese offered for the pasta, our water and wine glasses remained EMPTY our entire meal, when we would have easily spent another $20 on wine.",,"[""service""]",,"[""food"", ""price"", ""service""]","{""reference"": [""food"", ""price"", ""service""], ""sampling-control"": [""food"", ""price"", ""service""], ""targeted-2x"": [""food"", ""price""], ""targeted-3x"": [""food"", ""price"", ""service""], ""targeted-4x"": [""food"", ""price"", ""service""]}",5,5,2,pasta ... another $20 on wine,clear model error,"The complaints concern staff attention and delivery. Pasta and hypothetical extra spending supply context, not independent food or price evaluations; the extra predictions overextend those mentions.",,False,suspected annotation error,2,provisional assistant judgment
aspect:417,aspect,aspect_other,417,A Thai restaurant out of rice during dinner?,,"[""anecdotes/miscellaneous""]",,"[""food"", ""anecdotes/miscellaneous""]","{""reference"": [""food"", ""anecdotes/miscellaneous""], ""sampling-control"": [""food""], ""targeted-2x"": [""food""], ""targeted-3x"": [""food""], ""targeted-4x"": [""food""]}",5,5,1,Thai restaurant out of rice,ambiguous annotation,"Running out of rice can concern food availability, service, or overall restaurant adequacy. No single additional category is certain without guidance.",,True,suspected annotation error,2,provisional assistant judgment
aspect:563,aspect,aspect_other,563,I was back-to-back with the diner at the table behind me and wait staff had to hoist trays over our heads as they squeezed past us again and again.,,"[""service"", ""ambience""]",,"[""service""]","{""reference"": [""service""], ""sampling-control"": [""service""], ""targeted-2x"": [""service""], ""targeted-3x"": [""service""], ""targeted-4x"": [""service""]}",5,5,1,back-to-back ... squeezed past us,clear model error,Crowded table placement directly supports the omitted ambience label.,,False,clear model error,2,provisional assistant judgment
aspect:565,aspect,aspect_other,565,"I asked for seltzer with lime, no ice.",,"[""food""]",,"[""service""]","{""reference"": [""service""], ""sampling-control"": [""service""], ""targeted-2x"": [""food"", ""service""], ""targeted-3x"": [""service""], ""targeted-4x"": [""food"", ""service""]}",5,5,2,asked for seltzer with lime,insufficient evidence,"The isolated beverage request does not identify a service failure. Inferring one requires surrounding text, which is outside this case.",,True,ambiguous annotation,2,provisional assistant judgment
aspect:566,aspect,aspect_other,566,"Got club soda, filled with ice, no lime.",,"[""service""]",,"[""food""]","{""reference"": [""food""], ""sampling-control"": [""food""], ""targeted-2x"": [""food""], ""targeted-3x"": [""food""], ""targeted-4x"": [""food""]}",5,5,3,Got club soda ... no lime,insufficient evidence,The sentence describes a received drink; calling it the wrong drink relies on a prior order that is absent from this case.,,True,ambiguous annotation,2,provisional assistant judgment
aspect:600,aspect,aspect_other,600,"It is nearly impossible to get a table, so if you ever have the chance to go here for dinner, DO NOT pass it up.",,"[""anecdotes/miscellaneous""]",,"[""service"", ""ambience"", ""anecdotes/miscellaneous""]","{""reference"": [""service"", ""ambience"", ""anecdotes/miscellaneous""], ""sampling-control"": [""service"", ""anecdotes/miscellaneous""], ""targeted-2x"": [""service"", ""anecdotes/miscellaneous""], ""targeted-3x"": [""service"", ""anecdotes/miscellaneous""], ""targeted-4x"": [""service"", ""anecdotes/miscellaneous""]}",5,5,4,nearly impossible to get a table,ambiguous annotation,"Table availability may denote service or popularity, while the model also retains the correct overall recommendation.",,True,ambiguous annotation,2,provisional assistant judgment
aspect:630,aspect,aspect_other,630,I highly recommend visiting this restaurant and having dinner and drinks!,,"[""food"", ""anecdotes/miscellaneous""]",,"[""anecdotes/miscellaneous""]","{""reference"": [""anecdotes/miscellaneous""], ""sampling-control"": [""anecdotes/miscellaneous""], ""targeted-2x"": [""anecdotes/miscellaneous""], ""targeted-3x"": [""anecdotes/miscellaneous""], ""targeted-4x"": [""anecdotes/miscellaneous""]}",5,5,3,having dinner and drinks,ambiguous annotation,Dinner and drinks are mentioned within a restaurant recommendation. Mention alone does not establish a separate evaluated food aspect.,,True,clear model error,2,provisional assistant judgment
polarity:37:service,polarity,polarity_conflict,37,The only friendly staff member was the guy at the bar.,service,,conflict,negative,"{""reference"": ""negative"", ""loss-control"": ""positive"", ""oversampling"": ""negative"", ""sampling-corrected"": ""negative""}",4,4,2,only friendly staff member,clear model error,"Only one friendly employee implies positive and negative service evidence, matching conflict.",,False,clear model error,2,provisional assistant judgment
polarity:133:service,polarity,polarity_conflict,133,The atmosphere is noisy and the waiters are literally walking around doing things as fast as they can.,service,,conflict,negative,"{""reference"": ""negative"", ""loss-control"": ""negative"", ""oversampling"": ""negative"", ""sampling-corrected"": ""negative""}",4,4,1,waiters ... doing things as fast as they can,ambiguous annotation,"Fast activity could signal efficient service or staff rushing under pressure. The noisy atmosphere is a different target, but the service reading still needs adjudication.",,True,suspected annotation error,2,provisional assistant judgment
polarity:438:food,polarity,polarity_conflict,438,They pray to their Food Gods to make them into a good pizza like VT's.,food,,conflict,positive,"{""reference"": ""positive"", ""loss-control"": ""positive"", ""oversampling"": ""positive"", ""sampling-corrected"": ""positive""}",4,4,4,make them into a good pizza like VT's,suspected annotation error,The comparison praises VT's pizza and contains no negative food evidence about it.,positive,True,suspected annotation error,2,provisional assistant judgment
polarity:447:food,polarity,polarity_conflict,447,This is one great place to eat pizza more out but not a good place for take-out pizza.,food,,conflict,positive,"{""reference"": ""positive"", ""loss-control"": ""positive"", ""oversampling"": ""negative"", ""sampling-corrected"": ""negative""}",4,4,4,great ... eat pizza ... not a good place for take-out pizza,clear model error,The same food aspect receives explicit positive and negative evaluations.,,False,clear model error,2,provisional assistant judgment
polarity:657:ambience,polarity,polarity_conflict,657,"Always popular, always full, always a wait.",ambience,,conflict,positive,"{""reference"": ""positive"", ""loss-control"": ""positive"", ""oversampling"": ""positive"", ""sampling-corrected"": ""negative""}",4,4,4,"popular, full ... a wait",ambiguous annotation,Popularity is positive evidence but fullness and waiting can be negative; their aspect attribution is fuzzy.,,True,ambiguous annotation,2,provisional assistant judgment
polarity:719:food,polarity,polarity_conflict,719,"Next time, we wouldn't dare ordering anything else other than some simple Asian appetizers and drinks.",food,,conflict,negative,"{""reference"": ""negative"", ""loss-control"": ""negative"", ""oversampling"": ""negative"", ""sampling-corrected"": ""negative""}",4,4,1,wouldn't dare ordering anything else,ambiguous annotation,The sentence contrasts an acceptable subset with rejected options. Whether that implied acceptance supplies positive evidence for conflict is uncertain.,,True,suspected annotation error,2,provisional assistant judgment
polarity:763:service,polarity,polarity_conflict,763,"We were seated promptly as we had reservations, however after that the service was slow.",service,,conflict,negative,"{""reference"": ""negative"", ""loss-control"": ""negative"", ""oversampling"": ""negative"", ""sampling-corrected"": ""negative""}",4,4,4,seated promptly ... service was slow,clear model error,Prompt seating and slow later service are opposite evaluations of service.,,False,clear model error,2,provisional assistant judgment
polarity:779:service,polarity,polarity_conflict,779,Make reservations but expect to be delayed 15-20 minutes as the hosting staff was having difficulty seating guests who arrived with a reservation because they probably had a lot of walk ins being so close to Time Square.,service,,conflict,negative,"{""reference"": ""negative"", ""loss-control"": ""negative"", ""oversampling"": ""negative"", ""sampling-corrected"": ""negative""}",4,4,3,reservations ... delayed 15-20 minutes,ambiguous annotation,"The sentence is mostly negative, though eventual seating and an explanation may have prompted conflict.",,True,ambiguous annotation,2,provisional assistant judgment
polarity:839:ambience,polarity,polarity_conflict,839,"Given the incredible architecture surrounding it, this place has no character.",ambience,,conflict,negative,"{""reference"": ""negative"", ""loss-control"": ""negative"", ""oversampling"": ""negative"", ""sampling-corrected"": ""negative""}",4,4,3,incredible architecture surrounding it ... no character,ambiguous annotation,"Positive architecture is explicitly outside the restaurant, leaving the restaurant ambience itself negative.",,True,ambiguous annotation,2,provisional assistant judgment
polarity:863:food,polarity,polarity_conflict,863,The food was delicious but do not come here on a empty stomach.,food,,conflict,positive,"{""reference"": ""positive"", ""loss-control"": ""positive"", ""oversampling"": ""positive"", ""sampling-corrected"": ""positive""}",4,4,4,food was delicious but do not come ... empty stomach,ambiguous annotation,Delicious is positive. The empty-stomach warning could concern portions or waiting time; it does not unambiguously provide negative food evidence.,,True,clear model error,2,provisional assistant judgment
polarity:907:anecdotes/miscellaneous,polarity,polarity_conflict,907,Never once did I leave feeling unwelcome or impressed.,anecdotes/miscellaneous,,conflict,negative,"{""reference"": ""negative"", ""loss-control"": ""positive"", ""oversampling"": ""positive"", ""sampling-corrected"": ""positive""}",4,4,1,Never once ... unwelcome or impressed,ambiguous annotation,"Negation scope makes the sentence mean neither unwelcome nor impressed, which mixes neutral, positive, and negative implications.",,True,ambiguous annotation,2,provisional assistant judgment
polarity:1204:food,polarity,polarity_conflict,1204,"Perhaps this food is considered extreme to an Upper East Side resident, but for the rest of us who've actually eaten ethnic food, this is simply dull.",food,,conflict,negative,"{""reference"": ""negative"", ""loss-control"": ""negative"", ""oversampling"": ""negative"", ""sampling-corrected"": ""negative""}",4,4,5,considered extreme ... simply dull,suspected annotation error,The speaker rejects the possible positive view and directly judges the food negatively.,negative,True,suspected annotation error,2,provisional assistant judgment
polarity:1705:food,polarity,polarity_conflict,1705,"While certain staples are excellent (the burger, some of the pastas), the food is not really the point.",food,,conflict,negative,"{""reference"": ""negative"", ""loss-control"": ""positive"", ""oversampling"": ""positive"", ""sampling-corrected"": ""negative""}",4,4,2,certain staples are excellent ... food is not really the point,ambiguous annotation,Excellent is positive. Food not being the point can describe the purpose of the visit rather than criticize food; conflict is not certain.,,True,clear model error,2,provisional assistant judgment
polarity:1836:service,polarity,polarity_conflict,1836,"Other than the crappy service from two individuals, it's great.",service,,conflict,positive,"{""reference"": ""positive"", ""loss-control"": ""negative"", ""oversampling"": ""negative"", ""sampling-corrected"": ""negative""}",4,4,1,crappy service ... it's great,ambiguous annotation,"Crappy clearly targets service, while 'great' may refer to the restaurant overall rather than service.",,True,ambiguous annotation,2,provisional assistant judgment
polarity:1842:ambience,polarity,polarity_conflict,1842,"To dine at Thalia can be slightly deceiving because while its beautiful on the outside, its so bland on the inside.",ambience,,conflict,negative,"{""reference"": ""negative"", ""loss-control"": ""negative"", ""oversampling"": ""negative"", ""sampling-corrected"": ""negative""}",4,4,5,beautiful on the outside ... bland on the inside,clear model error,The sentence explicitly contrasts positive and negative ambience.,,False,clear model error,2,provisional assistant judgment
polarity:1854:price,polarity,polarity_conflict,1854,It won't break the bank but I also wouldnt come back for the food.,price,,conflict,negative,"{""reference"": ""negative"", ""loss-control"": ""negative"", ""oversampling"": ""negative"", ""sampling-corrected"": ""negative""}",4,4,4,won't break the bank,suspected annotation error,The only price evaluation is positive; the negative food judgment belongs to a different aspect.,positive,True,suspected annotation error,2,provisional assistant judgment
polarity:1879:anecdotes/miscellaneous,polarity,polarity_conflict,1879,"It saves walking in and waiting for a table in the often noisy, crowded bar at dinnertime.",anecdotes/miscellaneous,,conflict,positive,"{""reference"": ""positive"", ""loss-control"": ""positive"", ""oversampling"": ""positive"", ""sampling-corrected"": ""positive""}",4,4,2,saves walking in and waiting,ambiguous annotation,The benefit of avoiding a noisy wait and the negative experience being avoided may both contribute to an overall evaluation. The scope of miscellaneous needs guidance.,,True,suspected annotation error,2,provisional assistant judgment
polarity:1903:food,polarity,polarity_conflict,1903,"My husbands was perfect, my was well done and dry.",food,,conflict,positive,"{""reference"": ""positive"", ""loss-control"": ""positive"", ""oversampling"": ""positive"", ""sampling-corrected"": ""positive""}",4,4,4,perfect ... well done and dry,clear model error,Two servings receive directly opposed food judgments.,,False,clear model error,2,provisional assistant judgment
polarity:2239:ambience,polarity,polarity_conflict,2239,This little place definitely exceeded my expectations and you sure get a lot of food for your money.,ambience,,conflict,positive,"{""reference"": ""positive"", ""loss-control"": ""positive"", ""oversampling"": ""positive"", ""sampling-corrected"": ""positive""}",4,4,1,exceeded my expectations,suspected annotation error,The sentence is positive and supplies no negative ambience evidence; much of it concerns food and price.,positive,True,suspected annotation error,2,provisional assistant judgment
polarity:2272:food,polarity,polarity_conflict,2272,They offer the same menu but have creative drinks that are loaded with alcohol and cheeky names -- but they do cost you.,food,,conflict,neutral,"{""reference"": ""neutral"", ""loss-control"": ""negative"", ""oversampling"": ""negative"", ""sampling-corrected"": ""negative""}",4,4,4,creative drinks ... loaded with alcohol,ambiguous annotation,"Creative drinks suggests praise, but loaded with alcohol can be approving or critical. Price is separate; the remaining drink sentiment is not uniquely positive.",,True,suspected annotation error,2,provisional assistant judgment
polarity:43:ambience,polarity,polarity_neutral,43,ALWAYS full with tourists (especially because of it's close proximity to Rockefeller Center).,ambience,,neutral,positive,"{""reference"": ""positive"", ""loss-control"": ""positive"", ""oversampling"": ""positive"", ""sampling-corrected"": ""positive""}",4,4,4,full with tourists,ambiguous annotation,"Full with tourists may be descriptive, imply popularity, or express dislike of crowding. None is explicit enough to call the polarity error clear.",,True,clear model error,2,provisional assistant judgment
polarity:195:ambience,polarity,polarity_neutral,195,"If the weather is nice, try to snag an outside table.",ambience,,neutral,positive,"{""reference"": ""positive"", ""loss-control"": ""positive"", ""oversampling"": ""negative"", ""sampling-corrected"": ""negative""}",4,4,1,"If the weather is nice, try to snag an outside table",ambiguous annotation,"This is mainly advice, though recommending the outside seating carries weak positive sentiment.",,True,ambiguous annotation,2,provisional assistant judgment
polarity:404:anecdotes/miscellaneous,polarity,polarity_neutral,404,This is the first time Citysearch did't call it right.,anecdotes/miscellaneous,,neutral,negative,"{""reference"": ""negative"", ""loss-control"": ""negative"", ""oversampling"": ""negative"", ""sampling-corrected"": ""negative""}",4,4,2,didn't call it right,ambiguous annotation,The criticism explicitly targets Citysearch's judgment; transferring it to the restaurant requires knowing what Citysearch said.,,True,suspected annotation error,2,provisional assistant judgment
polarity:440:anecdotes/miscellaneous,polarity,polarity_neutral,440,Others have to go to other restaurants and feel sad until they're eaten.,anecdotes/miscellaneous,,neutral,negative,"{""reference"": ""negative"", ""loss-control"": ""negative"", ""oversampling"": ""negative"", ""sampling-corrected"": ""negative""}",4,4,5,feel sad until they're eaten,insufficient evidence,"The fragment relies on missing discourse context, so its polarity cannot be judged reliably alone.",,True,insufficient evidence,2,provisional assistant judgment
polarity:481:ambience,polarity,polarity_neutral,481,There is a real gallery of stars that have visited.,ambience,,neutral,positive,"{""reference"": ""positive"", ""loss-control"": ""positive"", ""oversampling"": ""positive"", ""sampling-corrected"": ""positive""}",4,4,5,gallery of stars that have visited,ambiguous annotation,A gallery of celebrity visitors can be factual or approving. Positive versus neutral depends on pragmatic interpretation.,,True,clear model error,2,provisional assistant judgment
polarity:596:anecdotes/miscellaneous,polarity,polarity_neutral,596,"Rao is a good restaurant, but it's nothing special.",anecdotes/miscellaneous,,neutral,negative,"{""reference"": ""negative"", ""loss-control"": ""positive"", ""oversampling"": ""negative"", ""sampling-corrected"": ""positive""}",4,4,2,good ... but ... nothing special,ambiguous annotation,"The sentence combines weak praise with a neutralizing or negative qualification, fitting either neutral or conflict conventions.",,True,ambiguous annotation,2,provisional assistant judgment
polarity:696:anecdotes/miscellaneous,polarity,polarity_neutral,696,"I have eaten at Saul, many times, the food is always consistently, outrageously good.",anecdotes/miscellaneous,,neutral,positive,"{""reference"": ""positive"", ""loss-control"": ""positive"", ""oversampling"": ""positive"", ""sampling-corrected"": ""positive""}",4,4,3,food is always ... outrageously good,ambiguous annotation,"Outrageously good targets food, while repeated visits may supply neutral anecdotal content. Transferring positive food sentiment to miscellaneous was not justified.",,True,suspected annotation error,2,provisional assistant judgment
polarity:710:food,polarity,polarity_neutral,710,"It's not mind-blowing, but to me, thai food never is and never will be.",food,,neutral,positive,"{""reference"": ""positive"", ""loss-control"": ""positive"", ""oversampling"": ""negative"", ""sampling-corrected"": ""negative""}",4,4,1,not mind-blowing ... never will be,ambiguous annotation,Not mind-blowing can be neutral or mildly negative. An implausible positive prediction does not by itself establish that neutral is uniquely correct.,,True,clear model error,2,provisional assistant judgment
polarity:757:food,polarity,polarity_neutral,757,"It's a place for people who pay a lot for mediocre food, noise and a chance to be with their fellow bridge and tunnel folks.",food,,neutral,positive,"{""reference"": ""positive"", ""loss-control"": ""positive"", ""oversampling"": ""positive"", ""sampling-corrected"": ""positive""}",4,4,3,pay a lot for mediocre food,suspected annotation error,Mediocre is an explicit negative judgment of food.,negative,True,suspected annotation error,2,provisional assistant judgment
polarity:765:food,polarity,polarity_neutral,765,Sushi wasn't anything spectacular for the price.,food,,neutral,negative,"{""reference"": ""negative"", ""loss-control"": ""negative"", ""oversampling"": ""negative"", ""sampling-corrected"": ""negative""}",4,4,3,wasn't anything spectacular,ambiguous annotation,The phrase lies on the neutral versus mildly negative boundary.,,True,ambiguous annotation,2,provisional assistant judgment
polarity:792:service,polarity,polarity_neutral,792,Has the chef and owner changed???,service,,neutral,negative,"{""reference"": ""negative"", ""loss-control"": ""negative"", ""oversampling"": ""negative"", ""sampling-corrected"": ""negative""}",4,4,1,Has the chef and owner changed?,ambiguous annotation,The question could be factual or an implied complaint. Question form alone does not establish neutral sentiment.,,True,clear model error,2,provisional assistant judgment
polarity:799:food,polarity,polarity_neutral,799,"The food was just OK, I would never go back.",food,,neutral,negative,"{""reference"": ""negative"", ""loss-control"": ""negative"", ""oversampling"": ""negative"", ""sampling-corrected"": ""negative""}",4,4,1,just OK ... never go back,ambiguous annotation,"Food is described neutrally, while the negative return intent may apply to the overall restaurant.",,True,ambiguous annotation,2,provisional assistant judgment
polarity:800:anecdotes/miscellaneous,polarity,polarity_neutral,800,My fiance took me to Scopa last week for my birthday and I couldn't believe the food.,anecdotes/miscellaneous,,neutral,positive,"{""reference"": ""positive"", ""loss-control"": ""positive"", ""oversampling"": ""positive"", ""sampling-corrected"": ""positive""}",4,4,3,couldn't believe the food,insufficient evidence,Could not believe the food can express praise or dismay. Missing context does not prove a neutral gold label correct.,,True,clear model error,2,provisional assistant judgment
polarity:809:anecdotes/miscellaneous,polarity,polarity_neutral,809,would have rather tried terrace in the sky or water club for that price,anecdotes/miscellaneous,,neutral,negative,"{""reference"": ""negative"", ""loss-control"": ""negative"", ""oversampling"": ""negative"", ""sampling-corrected"": ""conflict""}",4,4,5,would have rather tried,suspected annotation error,Preferring alternatives conveys a negative overall judgment.,negative,True,suspected annotation error,2,provisional assistant judgment
polarity:876:anecdotes/miscellaneous,polarity,polarity_neutral,876,"When we left at 8:00 PM, it was packed and noisy.",anecdotes/miscellaneous,,neutral,negative,"{""reference"": ""negative"", ""loss-control"": ""negative"", ""oversampling"": ""negative"", ""sampling-corrected"": ""negative""}",4,4,1,packed and noisy,ambiguous annotation,Packed and noisy may be descriptive or critical and concern ambience. They do not prove that a separately annotated anecdotal statement has negative polarity.,,True,suspected annotation error,2,provisional assistant judgment
polarity:985:ambience,polarity,polarity_neutral,985,also make sure you pay attention to the music being piped in - quite a weird selection.,ambience,,neutral,negative,"{""reference"": ""negative"", ""loss-control"": ""negative"", ""oversampling"": ""negative"", ""sampling-corrected"": ""negative""}",4,4,5,quite a weird selection,ambiguous annotation,"Weird can be descriptive or mildly negative, creating a neutral-negative boundary case.",,True,ambiguous annotation,2,provisional assistant judgment
polarity:990:ambience,polarity,polarity_neutral,990,Its not the same if you have to sit inside.,ambience,,neutral,negative,"{""reference"": ""negative"", ""loss-control"": ""negative"", ""oversampling"": ""negative"", ""sampling-corrected"": ""negative""}",4,4,2,not the same ... sit inside,ambiguous annotation,The sentence implies dislike of inside seating but states it indirectly.,,True,ambiguous annotation,2,provisional assistant judgment
polarity:1074:anecdotes/miscellaneous,polarity,polarity_neutral,1074,I grew up eating Dosa and have yet to find a place in NY to satisfy my taste buds.,anecdotes/miscellaneous,,neutral,negative,"{""reference"": ""negative"", ""loss-control"": ""positive"", ""oversampling"": ""negative"", ""sampling-corrected"": ""negative""}",4,4,5,yet to find a place ... satisfy,ambiguous annotation,"The dissatisfaction covers places in New York generally, not necessarily the reviewed restaurant. Neutral background and negative overall readings are both possible.",,True,suspected annotation error,2,provisional assistant judgment
polarity:1138:food,polarity,polarity_neutral,1138,The only thing I moderately enjoyed was their Grilled Chicken special with Edamame Puree.,food,,neutral,positive,"{""reference"": ""positive"", ""loss-control"": ""positive"", ""oversampling"": ""positive"", ""sampling-corrected"": ""positive""}",4,4,2,only thing I moderately enjoyed,ambiguous annotation,"Moderately enjoyed is weakly positive, while 'only thing' supplies negative context; neutral is plausible under coarse labels.",,True,ambiguous annotation,2,provisional assistant judgment
polarity:1154:anecdotes/miscellaneous,polarity,polarity_neutral,1154,Too bad Latin Quarters closed.,anecdotes/miscellaneous,,neutral,negative,"{""reference"": ""negative"", ""loss-control"": ""negative"", ""oversampling"": ""negative"", ""sampling-corrected"": ""negative""}",4,4,2,Too bad ... closed,ambiguous annotation,The phrase expresses regret but may be annotated neutral because it reports closure rather than restaurant quality.,,True,ambiguous annotation,2,provisional assistant judgment
polarity:28:food,polarity,polarity_other,28,Food was average but tasty.,food,,positive,conflict,"{""reference"": ""conflict"", ""loss-control"": ""conflict"", ""oversampling"": ""conflict"", ""sampling-corrected"": ""conflict""}",4,4,4,average but tasty,ambiguous annotation,Average and tasty mix neutral and positive evidence; positive and conflict are both defensible conventions.,,True,ambiguous annotation,2,provisional assistant judgment
polarity:110:food,polarity,polarity_other,110,"If anyones has doubt of not knowing enough about wines,please check their wine list.",food,,positive,conflict,"{""reference"": ""conflict"", ""loss-control"": ""conflict"", ""oversampling"": ""neutral"", ""sampling-corrected"": ""conflict""}",4,4,2,please check their wine list,ambiguous annotation,"Check their wine list may be a favourable recommendation or informational advice. Conflict appears unsupported, but positive is not uniquely established.",,True,clear model error,2,provisional assistant judgment
polarity:130:service,polarity,polarity_other,130,The service is ok but could be better.,service,,negative,neutral,"{""reference"": ""neutral"", ""loss-control"": ""conflict"", ""oversampling"": ""conflict"", ""sampling-corrected"": ""conflict""}",4,4,1,ok but could be better,ambiguous annotation,"This mixes neutral approval and criticism and could reasonably be neutral, negative, or conflict under different guidelines.",,True,ambiguous annotation,2,provisional assistant judgment
polarity:187:anecdotes/miscellaneous,polarity,polarity_other,187,This restaurant used to be pretty decent.,anecdotes/miscellaneous,,negative,neutral,"{""reference"": ""neutral"", ""loss-control"": ""positive"", ""oversampling"": ""positive"", ""sampling-corrected"": ""positive""}",4,4,2,used to be pretty decent,clear model error,"Used to be implies that the restaurant is no longer decent, supporting negative polarity.",,False,clear model error,2,provisional assistant judgment
polarity:197:anecdotes/miscellaneous,polarity,polarity_other,197,"I've been there a few times, and I usually end up sitting next to some pretty odd people.",anecdotes/miscellaneous,,negative,neutral,"{""reference"": ""neutral"", ""loss-control"": ""neutral"", ""oversampling"": ""neutral"", ""sampling-corrected"": ""neutral""}",4,4,1,pretty odd people,ambiguous annotation,Odd people may be mildly critical or merely unusual. The previous rationale assumed undesirability without decisive text evidence.,,True,clear model error,2,provisional assistant judgment
polarity:338:food,polarity,polarity_other,338,The soup for the udon was soy sauce and water.,food,,negative,neutral,"{""reference"": ""neutral"", ""loss-control"": ""neutral"", ""oversampling"": ""neutral"", ""sampling-corrected"": ""neutral""}",4,4,1,soy sauce and water,ambiguous annotation,Soy sauce and water can be a reductive complaint or an ingredient description; negative intent is inferred rather than explicit.,,True,clear model error,2,provisional assistant judgment
polarity:369:service,polarity,polarity_other,369,"We laughed when he finally offered us a dessert menu and we left a 10 percent tip, which was generous, I feel.",service,,negative,positive,"{""reference"": ""positive"", ""loss-control"": ""positive"", ""oversampling"": ""positive"", ""sampling-corrected"": ""positive""}",4,4,4,finally offered ... 10 percent tip ... generous,clear model error,The narrative and sarcasm communicate poor service.,,False,clear model error,2,provisional assistant judgment
polarity:446:anecdotes/miscellaneous,polarity,polarity_other,446,I take all my NYC guests to VT's.,anecdotes/miscellaneous,,positive,neutral,"{""reference"": ""neutral"", ""loss-control"": ""neutral"", ""oversampling"": ""neutral"", ""sampling-corrected"": ""neutral""}",4,4,5,take all my NYC guests,clear model error,Repeatedly bringing guests is a clear positive endorsement.,,False,clear model error,2,provisional assistant judgment
polarity:484:food,polarity,polarity_other,484,"It can be a little confusing as to where one goes to order, but once the food is ordered, you are in for a treat.",food,,positive,conflict,"{""reference"": ""conflict"", ""loss-control"": ""conflict"", ""oversampling"": ""conflict"", ""sampling-corrected"": ""conflict""}",4,4,1,"once the food is ordered, you are in for a treat",clear model error,The food evaluation is positive; confusion about ordering concerns service.,,False,clear model error,2,provisional assistant judgment
polarity:488:food,polarity,polarity_other,488,I would have gotten some cole slaw and a knish if my stomach had more space.,food,,positive,negative,"{""reference"": ""negative"", ""loss-control"": ""negative"", ""oversampling"": ""negative"", ""sampling-corrected"": ""negative""}",4,4,3,if my stomach had more space,clear model error,Wanting additional dishes implies positive food sentiment.,,False,clear model error,2,provisional assistant judgment
